<?xml version="1.0" encoding="UTF-8"?>
<project-private xmlns="http://www.netbeans.org/ns/project-private/1">
    <editor-bookmarks xmlns="http://www.netbeans.org/ns/editor-bookmarks/2" lastBookmarkId="0"/>
    <open-files xmlns="http://www.netbeans.org/ns/projectui-open-files/2">
        <group>
            <file>file:/C:/Users/windows%2010/OneDrive/Desktop/UART/Smart%20Road%20Safety%20and%20Vehicle%20Accident%20Prevention%20System%20for%20Mountain%20roads.X/config.h</file>
            <file>file:/C:/Users/windows%2010/OneDrive/Desktop/UART/Smart%20Road%20Safety%20and%20Vehicle%20Accident%20Prevention%20System%20for%20Mountain%20roads.X/main.c</file>
            <file>file:/C:/Users/windows%2010/OneDrive/Desktop/UART/Smart%20Road%20Safety%20and%20Vehicle%20Accident%20Prevention%20System%20for%20Mountain%20roads.X/clcd.h</file>
            <file>file:/C:/Users/windows%2010/OneDrive/Desktop/UART/Smart%20Road%20Safety%20and%20Vehicle%20Accident%20Prevention%20System%20for%20Mountain%20roads.X/PIN_MACROS.h</file>
        </group>
    </open-files>
</project-private>
